{"cameraMode":{"drawMode":0,"name":"Shaded","section":"Shading Mode"},"sceneLighting":true,"audioPlay":false,"sceneViewState":{"showFog":true,"showMaterialUpdate":false,"showSkybox":true,"showFlares":true,"showImageEffects":true,"showParticleSystems":true},"in2DMode":false,"pivot":{"x":2.8594937324523927,"y":-5.324970722198486,"z":10.529106140136719},"rotation":{"x":-0.2153405100107193,"y":-0.08133800327777863,"z":0.01800186187028885,"w":-0.9729794263839722},"size":22.40548324584961,"orthographic":false}