{"cameraMode":{"drawMode":0,"name":"Shaded","section":"Shading Mode"},"sceneLighting":true,"audioPlay":false,"sceneViewState":{"showFog":true,"showMaterialUpdate":false,"showSkybox":true,"showFlares":true,"showImageEffects":true,"showParticleSystems":true},"in2DMode":false,"pivot":{"x":3.4867756366729738,"y":-4.277160167694092,"z":10.877784729003907},"rotation":{"x":-0.1902298927307129,"y":-0.094967782497406,"z":0.018491821363568307,"w":-0.9769604206085205},"size":22.40548324584961,"orthographic":false}